model,accuracy,precision_weighted,recall_weighted,f1_weighted,roc_auc
RandomForestClassifier,0.5278237522527492,0.5277516014899565,0.5278237522527492,0.527782296499603,0.7127393596407707
LogisticRegression,0.44448122402442164,0.4466778609086102,0.44448122402442164,0.44547483321098497,0.6461728753570823
GradientBoostingClassifier,0.4378976792085034,0.41369344369593714,0.4378976792085034,0.3832479407147622,0.6381137927134637
